column.name,http.response.code
A,400
B,400
C,400
D,400
E,400
F,400
G,400
H,400
I,400
J,400
K,400
L,400
M,400
N,400
O,400
P,400
Q,400
R,400
S,400
T,400
U,400
V,400
W,400
X,200
Y,200
Z,400
AB,400
BA,400
AC,400
CA,400
AD,400
DA,400
AE,400
EA,400
AF,400
FA,400
AG,400
GA,400
AH,400
HA,400
AI,400
IA,400
AJ,400
JA,400
AK,400
KA,400
AL,400
LA,400
AM,400
MA,400
AN,400
NA,400
AO,400
OA,400
AP,400
PA,400
AQ,400
QA,400
AR,400
RA,400
AS,400
SA,400
AT,400
TA,400
AU,400
UA,400
AV,400
VA,400
AW,400
WA,400
AX,400
XA,400
AY,400
YA,400
AZ,400
ZA,400
BC,400
CB,400
BD,400
DB,400
BE,400
EB,400
BF,400
FB,400
BG,400
GB,400
BH,400
HB,400
BI,400
IB,400
BJ,400
JB,400
BK,400
KB,400
BL,400
LB,400
BM,400
MB,400
BN,400
NB,400
BO,400
OB,400
BP,400
PB,400
BQ,400
QB,400
BR,400
RB,400
BS,400
SB,400
BT,400
TB,400
BU,400
UB,400
BV,400
VB,400
BW,400
WB,400
BX,400
XB,400
BY,400
YB,400
BZ,400
ZB,400
CD,400
DC,400
CE,400
EC,400
CF,400
FC,400
CG,400
GC,400
CH,400
HC,400
CI,400
IC,400
CJ,400
JC,400
CK,400
KC,400
CL,400
LC,400
CM,400
MC,400
CN,400
NC,400
CO,400
OC,400
CP,400
PC,400
CQ,400
QC,400
CR,400
RC,400
CS,400
SC,400
CT,400
TC,400
CU,400
UC,400
CV,400
VC,400
CW,400
WC,400
CX,400
XC,400
CY,400
YC,400
CZ,400
ZC,400
DE,400
ED,400
DF,400
FD,400
DG,400
GD,400
DH,400
HD,400
DI,400
ID,400
DJ,400
JD,400
DK,400
KD,400
DL,400
LD,400
DM,400
MD,400
DN,400
ND,400
DO,400
OD,400
DP,400
PD,400
DQ,400
QD,400
DR,400
RD,400
DS,400
SD,400
DT,400
TD,400
DU,400
UD,400
DV,400
VD,400
DW,400
WD,400
DX,400
XD,400
DY,400
YD,400
DZ,400
ZD,400
EF,400
FE,400
EG,400
GE,400
EH,400
HE,400
EI,400
IE,400
EJ,400
JE,400
EK,400
KE,400
EL,400
LE,400
EM,400
ME,400
EN,400
NE,400
EO,400
OE,400
EP,400
PE,400
EQ,400
QE,400
ER,400
RE,400
ES,400
SE,400
ET,400
TE,400
EU,400
UE,400
EV,400
VE,400
EW,400
WE,400
EX,400
XE,400
EY,400
YE,400
EZ,400
ZE,400
FG,400
GF,400
FH,400
HF,400
FI,400
IF,400
FJ,400
JF,400
FK,400
KF,400
FL,400
LF,400
FM,400
MF,400
FN,400
NF,400
FO,400
OF,400
FP,400
PF,400
FQ,400
QF,400
FR,400
RF,400
FS,400
SF,400
FT,400
TF,400
FU,400
UF,400
FV,400
VF,400
FW,400
WF,400
FX,400
XF,400
FY,400
YF,400
FZ,400
ZF,400
GH,400
HG,400
GI,400
IG,400
GJ,400
JG,400
GK,400
KG,400
GL,400
LG,400
GM,400
MG,400
GN,400
NG,400
GO,400
OG,400
GP,400
PG,400
GQ,400
QG,400
GR,400
RG,400
GS,400
SG,400
GT,400
TG,400
GU,400
UG,400
GV,400
VG,400
GW,400
WG,400
GX,400
XG,400
GY,400
YG,400
GZ,400
ZG,400
HI,400
IH,400
HJ,400
JH,400
HK,400
KH,400
HL,400
LH,400
HM,400
MH,400
HN,400
NH,400
HO,400
OH,400
HP,400
PH,400
HQ,400
QH,400
HR,400
RH,400
HS,400
SH,400
HT,400
TH,400
HU,400
UH,400
HV,400
VH,400
HW,400
WH,400
HX,400
XH,400
HY,400
YH,400
HZ,400
ZH,400
IJ,400
JI,400
IK,400
KI,400
IL,400
LI,400
IM,400
MI,400
IN,400
NI,400
IO,400
OI,400
IP,400
PI,400
IQ,400
QI,400
IR,400
RI,400
IS,400
SI,400
IT,400
TI,400
IU,400
UI,400
IV,400
VI,400
IW,400
WI,400
IX,400
XI,400
IY,400
YI,400
IZ,400
ZI,400
JK,400
KJ,400
JL,400
LJ,400
JM,400
MJ,400
JN,400
NJ,400
JO,400
OJ,400
JP,400
PJ,400
JQ,400
QJ,400
JR,400
RJ,400
JS,400
SJ,400
JT,400
TJ,400
JU,400
UJ,400
JV,400
VJ,400
JW,400
WJ,400
JX,400
XJ,400
JY,400
YJ,400
JZ,400
ZJ,400
KL,400
LK,400
KM,400
MK,400
KN,400
NK,400
KO,400
OK,400
KP,400
PK,400
KQ,400
QK,400
KR,400
RK,400
KS,400
SK,400
KT,400
TK,400
KU,400
UK,400
KV,400
VK,400
KW,400
WK,400
KX,400
XK,400
KY,400
YK,400
KZ,400
ZK,400
LM,400
ML,400
LN,400
NL,400
LO,400
OL,400
LP,400
PL,400
LQ,400
QL,400
LR,400
RL,400
LS,400
SL,400
LT,400
TL,400
LU,400
UL,400
LV,400
VL,400
LW,400
WL,400
LX,400
XL,400
LY,400
YL,400
LZ,400
ZL,400
MN,400
NM,400
MO,200
OM,400
MP,400
PM,400
MQ,400
QM,400
MR,400
RM,400
MS,400
SM,400
MT,400
TM,400
MU,400
UM,400
MV,400
VM,400
MW,400
WM,400
MX,400
XM,400
MY,400
YM,400
MZ,400
ZM,400
NO,400
ON,400
NP,400
PN,400
NQ,400
QN,400
NR,400
RN,400
NS,400
SN,400
NT,400
TN,400
NU,400
UN,400
NV,400
VN,400
NW,400
WN,400
NX,400
XN,400
NY,400
YN,400
NZ,400
ZN,400
OP,400
PO,400
OQ,400
QO,400
OR,400
RO,400
OS,400
SO,400
OT,400
TO,400
OU,400
UO,400
OV,400
VO,400
OW,400
WO,400
OX,400
XO,400
OY,400
YO,400
OZ,400
ZO,400
PQ,400
QP,400
PR,400
RP,400
PS,400
SP,400
PT,400
TP,400
PU,400
UP,400
PV,400
VP,400
PW,400
WP,400
PX,400
XP,400
PY,400
YP,400
PZ,400
ZP,400
QR,400
RQ,400
QS,400
SQ,400
QT,400
TQ,400
QU,400
UQ,400
QV,400
VQ,400
QW,400
WQ,400
QX,400
XQ,400
QY,400
YQ,400
QZ,400
ZQ,400
RS,400
SR,400
RT,400
TR,400
RU,400
UR,400
RV,400
VR,400
RW,400
WR,400
RX,400
XR,400
RY,400
YR,200
RZ,400
ZR,400
ST,400
TS,400
SU,400
US,400
SV,400
VS,400
SW,400
WS,400
SX,400
XS,400
SY,400
YS,400
SZ,400
ZS,400
TU,400
UT,400
TV,400
VT,400
TW,400
WT,400
TX,400
XT,400
TY,400
YT,400
TZ,400
ZT,400
UV,400
VU,400
UW,400
WU,400
UX,400
XU,400
UY,400
YU,400
UZ,400
ZU,400
VW,400
WV,400
VX,400
XV,400
VY,400
YV,400
VZ,400
ZV,400
WX,400
XW,400
WY,400
YW,400
WZ,400
ZW,400
XY,400
YX,400
XZ,400
ZX,400
YZ,400
ZY,400
ABC,400
ACB,400
BAC,400
BCA,400
CAB,400
CBA,400
ABD,400
ADB,400
BAD,400
BDA,400
DAB,400
DBA,400
ABE,400
AEB,400
BAE,400
BEA,400
EAB,400
EBA,400
ABF,400
AFB,400
BAF,400
BFA,400
FAB,400
FBA,400
ABG,400
AGB,400
BAG,400
BGA,400
GAB,400
GBA,400
ABH,400
AHB,400
BAH,400
BHA,400
HAB,400
HBA,400
ABI,400
AIB,400
BAI,400
BIA,400
IAB,400
IBA,400
ABJ,400
AJB,400
BAJ,400
BJA,400
JAB,400
JBA,400
ABK,400
AKB,400
BAK,400
BKA,400
KAB,400
KBA,400
ABL,400
ALB,400
BAL,400
BLA,400
LAB,400
LBA,400
ABM,400
AMB,400
BAM,400
BMA,400
MAB,400
MBA,400
ABN,400
ANB,400
BAN,400
BNA,400
NAB,400
NBA,400
ABO,400
AOB,400
BAO,400
BOA,400
OAB,400
OBA,400
ABP,400
APB,400
BAP,400
BPA,400
PAB,400
PBA,400
ABQ,400
AQB,400
BAQ,400
BQA,400
QAB,400
QBA,400
ABR,400
ARB,400
BAR,400
BRA,400
RAB,400
RBA,400
ABS,400
ASB,400
BAS,400
BSA,400
SAB,400
SBA,400
ABT,400
ATB,400
BAT,400
BTA,400
TAB,400
TBA,400
ABU,400
AUB,400
BAU,400
BUA,400
UAB,400
UBA,400
ABV,400
AVB,400
BAV,400
BVA,400
VAB,400
VBA,400
ABW,400
AWB,400
BAW,400
BWA,400
WAB,400
WBA,400
ABX,400
AXB,400
BAX,400
BXA,400
XAB,400
XBA,400
ABY,400
AYB,400
BAY,400
BYA,400
YAB,400
YBA,400
ABZ,400
AZB,400
BAZ,400
BZA,400
ZAB,400
ZBA,400
ACD,400
ADC,400
CAD,400
CDA,400
DAC,400
DCA,400
ACE,400
AEC,400
CAE,400
CEA,400
EAC,400
ECA,400
ACF,400
AFC,400
CAF,400
CFA,400
FAC,400
FCA,400
ACG,400
AGC,400
CAG,400
CGA,400
GAC,400
GCA,400
ACH,400
AHC,400
CAH,400
CHA,400
HAC,400
HCA,400
ACI,400
AIC,400
CAI,400
CIA,400
IAC,400
ICA,400
ACJ,400
AJC,400
CAJ,400
CJA,400
JAC,400
JCA,400
ACK,400
AKC,400
CAK,400
CKA,400
KAC,400
KCA,400
ACL,400
ALC,400
CAL,400
CLA,400
LAC,400
LCA,400
ACM,400
AMC,400
CAM,400
CMA,400
MAC,400
MCA,400
ACN,400
ANC,400
CAN,400
CNA,400
NAC,400
NCA,400
ACO,400
AOC,400
CAO,400
COA,400
OAC,400
OCA,400
ACP,400
APC,400
CAP,400
CPA,400
PAC,400
PCA,400
ACQ,400
AQC,400
CAQ,400
CQA,400
QAC,400
QCA,400
ACR,400
ARC,400
CAR,400
CRA,400
RAC,400
